"Vorname einzeln","Anzahl","Geschlecht"
"Emil",13,"m"
"Anton",11,"m"
"Paul",10,"m"
"Finn",9,"m"
"Richard",9,"m"
"Felix",8,"m"
"Jakob",8,"m"
"Karl",8,"m"
"Elias",7,"m"
"Johann",7,"m"
"Maximilian",7,"m"
"Oskar",7,"m"
"Raphael",7,"m"
"Tim",7,"m"
"Alexander",6,"m"
"Arthur",6,"m"
"Jonas",6,"m"
"Justus",6,"m"
"Noah",6,"m"
"Carl",5,"m"
"Florian",5,"m"
"Konstantin",5,"m"
"Leopold",5,"m"
"Max",5,"m"
"Milo",5,"m"
"Niklas",5,"m"
"Samuel",5,"m"
"Aaron",4,"m"
"Benjamin",4,"m"
"Fabian",4,"m"
"Gustav",4,"m"
"Hans",4,"m"
"Jannik",4,"m"
"Julius",4,"m"
"Konrad",4,"m"
"Lukas",4,"m"
"Nils",4,"m"
"Ruben",4,"m"
"Theo",4,"m"
"Tom",4,"m"
"Vincent",4,"m"
"Adrian",3,"m"
"Alwin",3,"m"
"Arvid",3,"m"
"Ben",3,"m"
"Bruno",3,"m"
"Christian",3,"m"
"David",3,"m"
"Emilio",3,"m"
"Franz",3,"m"
"Frederik",3,"m"
"Friedrich",3,"m"
"Jan",3,"m"
"Joel",3,"m"
"Leo",3,"m"
"Leon",3,"m"
"Levi",3,"m"
"Liam",3,"m"
"Linus",3,"m"
"Luca",3,"m"
"Luis",3,"m"
"Malte",3,"m"
"Mateo",3,"m"
"Mika",3,"m"
"Moritz",3,"m"
"Ole",3,"m"
"Philipp",3,"m"
"Willi",3,"m"
"Aarav",0,"m"
"Adam",0,"m"
"Aik",0,"m"
"Alan",0,"m"
"Albert",0,"m"
"Alexandros",0,"m"
"Alfred",0,"m"
"Alois",0,"m"
"Amadeus",0,"m"
"Amar",0,"m"
"Antonio",0,"m"
"Apolo",0,"m"
"Arne",0,"m"
"Arno",0,"m"
"Aron",0,"m"
"Artur",0,"m"
"Arun",0,"m"
"Arved",0,"m"
"Arwed",0,"m"
"Ayk",0,"m"
"Balthasar",0,"m"
"Bastian",0,"m"
"Bela",0,"m"
"Béla",0,"m"
"Benedikt",0,"m"
"Benn",0,"m"
"Bennet",0,"m"
"Bjarne",0,"m"
"Bobby",0,"m"
"Carlson",0,"m"
"Carsten",0,"m"
"Caspar",0,"m"
"Cedric",0,"m"
"Charlie",0,"m"
"Chris",0,"m"
"Chuquan",0,"m"
"Conner",0,"m"
"Constantin",0,"m"
"Damon",0,"m"
"Daniel",0,"m"
"Dante",0,"m"
"Darius",0,"m"
"Dave",0,"m"
"Dean",0,"m"
"Devid",0,"m"
"Domenik",0,"m"
"Dominic",0,"m"
"Dominik",0,"m"
"Dylan",0,"m"
"Eddie",0,"m"
"Edgar",0,"m"
"Eduard",0,"m"
"Eliah",0,"m"
"Elijah",0,"m"
"Emiel",0,"m"
"Emilian",0,"m"
"Enno",0,"m"
"Erik",0,"m"
"Esbjörn",0,"m"
"Etienne",0,"m"
"Eyad",0,"m"
"Ferdinand",0,"m"
"Fiete",0,"m"
"Fintan",0,"m"
"Florin",0,"m"
"Frederick",0,"m"
"Friedemann",0,"m"
"Fritz",0,"m"
"Gasi",0,"m"
"Georg",0,"m"
"George",0,"m"
"Giaime",0,"m"
"Gregor",0,"m"
"Hankan",0,"m"
"Hannes",0,"m"
"Hayato",0,"m"
"Hector",0,"m"
"Heinrich",0,"m"
"Hendrik",0,"m"
"Hennes",0,"m"
"Henri",0,"m"
"Henrik",0,"m"
"Henry",0,"m"
"Hermann",0,"m"
"Hobeom",0,"m"
"Hoon",0,"m"
"Hugo",0,"m"
"Ian",0,"m"
"Ideal",0,"m"
"Ilari",0,"m"
"Ilya",0,"m"
"Immanuel",0,"m"
"Iron",0,"m"
"Israel Oreofe",0,"m"
"Iwo",0,"m"
"Jack",0,"m"
"Jacob",0,"m"
"Janne",0,"m"
"Jannes",0,"m"
"Janosch",0,"m"
"Janosh",0,"m"
"Jarik",0,"m"
"Jayden",0,"m"
"Jenke",0,"m"
"Jimi",0,"m"
"Joe",0,"m"
"Johannes",0,"m"
"Joko",0,"m"
"Jonah",0,"m"
"Jonathan",0,"m"
"Jonte",0,"m"
"Jorin",0,"m"
"Joris",0,"m"
"Joschua",0,"m"
"Josef",0,"m"
"Joshua",0,"m"
"Julian",0,"m"
"Kai",0,"m"
"Karamo",0,"m"
"Karlsson",0,"m"
"Karol",0,"m"
"Kasimir",0,"m"
"Kennett",0,"m"
"Kian",0,"m"
"Kjell",0,"m"
"Lars",0,"m"
"Laurin",0,"m"
"Lennard",0,"m"
"Lennart",0,"m"
"Lennox",0,"m"
"Lenny",0,"m"
"Leonard",0,"m"
"Leonardo",0,"m"
"Leonhard",0,"m"
"Lewi",0,"m"
"Liem",0,"m"
"Lino",0,"m"
"Lio",0,"m"
"Lorenz",0,"m"
"Louis",0,"m"
"Luan",0,"m"
"Lucas",0,"m"
"Ludo",0,"m"
"Ludwig",0,"m"
"Luka",0,"m"
"Luke",0,"m"
"Magnus",0,"m"
"Maher",0,"m"
"Maksim",0,"m"
"Malo",0,"m"
"Manuel",0,"m"
"Marc",0,"m"
"Marek",0,"m"
"Marian",0,"m"
"Marius",0,"m"
"Marlo",0,"m"
"Marlon",0,"m"
"Martin",0,"m"
"Marwin",0,"m"
"Matheo",0,"m"
"Mato",0,"m"
"Mats",0,"m"
"Mattheo",0,"m"
"Matthis",0,"m"
"Mattis",0,"m"
"Maxim",0,"m"
"Michael",0,"m"
"Michel",0,"m"
"Milan",0,"m"
"Mohamed",0,"m"
"Mohammed",0,"m"
"Nanno",0,"m"
"Neo",0,"m"
"Nevio",0,"m"
"Nicklas",0,"m"
"Nico",0,"m"
"Noam",0,"m"
"Noel",0,"m"
"Nolan",0,"m"
"Oliver",0,"m"
"Omar",0,"m"
"Oscar",0,"m"
"Otto",0,"m"
"Ottokar",0,"m"
"Pele",0,"m"
"Pepe",0,"m"
"Phil",0,"m"
"Phileas",0,"m"
"Phillip",0,"m"
"Piet",0,"m"
"Pirmin",0,"m"
"Radek",0,"m"
"Rafael",0,"m"
"Ricky",0,"m"
"Robin",0,"m"
"Roman",0,"m"
"Rufus",0,"m"
"Sami",0,"m"
"Sammilian",0,"m"
"Sandro",0,"m"
"Santino",0,"m"
"Sascha",0,"m"
"Sebastian",0,"m"
"Shahir",0,"m"
"Silas",0,"m"
"Simon",0,"m"
"Taavi",0,"m"
"Tamino",0,"m"
"Tammo",0,"m"
"Tamo",0,"m"
"Tarje",0,"m"
"Tayler",0,"m"
"Thai",0,"m"
"Thamino",0,"m"
"Thanos",0,"m"
"Thees",0,"m"
"Theodor",0,"m"
"Thorben",0,"m"
"Tiberius",0,"m"
"Till",0,"m"
"Tillmann",0,"m"
"Tilman",0,"m"
"Titus",0,"m"
"Tiuri",0,"m"
"Tobias",0,"m"
"Toni",0,"m"
"Valentin",0,"m"
"Viktor",0,"m"
"Wilhelm",0,"m"
"Yann",0,"m"
"Yannis",0,"m"
"Lina",13,"w"
"Frieda",10,"w"
"Johanna",10,"w"
"Anna",9,"w"
"Ella",9,"w"
"Greta",8,"w"
"Lena",8,"w"
"Marie",8,"w"
"Clara",7,"w"
"Elisabeth",7,"w"
"Ida",7,"w"
"Pia",7,"w"
"Alma",6,"w"
"Charlotte",6,"w"
"Emma",6,"w"
"Hanna",6,"w"
"Laura",6,"w"
"Leonie",6,"w"
"Mathilda",6,"w"
"Elsa",5,"w"
"Emilia",5,"w"
"Luise",5,"w"
"Marlene",5,"w"
"Frida",4,"w"
"Hannah",4,"w"
"Julia",4,"w"
"Klara",4,"w"
"Lea",4,"w"
"Lisa",4,"w"
"Lotta",4,"w"
"Martha",4,"w"
"Maya",4,"w"
"Merle",4,"w"
"Mia",4,"w"
"Nele",4,"w"
"Pauline",4,"w"
"Yuna",4,"w"
"Elena",3,"w"
"Elisa",3,"w"
"Emily",3,"w"
"Eva",3,"w"
"Isabella",3,"w"
"Lara",3,"w"
"Lilly",3,"w"
"Milena",3,"w"
"Nora",3,"w"
"Paula",3,"w"
"Sophia",3,"w"
"Sophie",3,"w"
"Theresa",3,"w"
"Tilda",3,"w"
"Victoria",3,"w"
"Viktoria",3,"w"
"Aahana",0,"w"
"Abigail",0,"w"
"Ada",0,"w"
"Adea",0,"w"
"Adel",0,"w"
"Adisa",0,"w"
"Agathe",0,"w"
"Aileen",0,"w"
"Aja",0,"w"
"Alaa",0,"w"
"Aleksandra",0,"w"
"Alexandra",0,"w"
"Alexandrina",0,"w"
"Alice",0,"w"
"Alina",0,"w"
"Alisa",0,"w"
"Allen",0,"w"
"Alva",0,"w"
"Alwine",0,"w"
"Amaia",0,"w"
"Amalia",0,"w"
"Amarachi",0,"w"
"Amelie",0,"w"
"Amira",0,"w"
"Amy",0,"w"
"Anabella",0,"w"
"Anastacia",0,"w"
"Andrea",0,"w"
"Anida",0,"w"
"Anika",0,"w"
"Annabella",0,"w"
"Annabelle",0,"w"
"Anni",0,"w"
"Annie",0,"w"
"Antonella",0,"w"
"Antonia",0,"w"
"Ariana",0,"w"
"Arjola",0,"w"
"Arnhild",0,"w"
"Astrid",0,"w"
"Auri",0,"w"
"Aurora",0,"w"
"Ava",0,"w"
"Avin",0,"w"
"Caitlyn",0,"w"
"Cara",0,"w"
"Carla",0,"w"
"Carlotta",0,"w"
"Caroline",0,"w"
"Cathi",0,"w"
"Chaithra",0,"w"
"Cora",0,"w"
"Cristina",0,"w"
"Donja",0,"w"
"Edda",0,"w"
"Editha",0,"w"
"Elida",0,"w"
"Elin",0,"w"
"Elina",0,"w"
"Elise",0,"w"
"Ellie",0,"w"
"Elly",0,"w"
"Eloisa",0,"w"
"Emelie",0,"w"
"Emely",0,"w"
"Emilie",0,"w"
"Emmily",0,"w"
"Enni",0,"w"
"Erika",0,"w"
"Erina",0,"w"
"Ermina",0,"w"
"Evelyn",0,"w"
"Fanny",0,"w"
"Farial",0,"w"
"Fatima",0,"w"
"Fena",0,"w"
"Fenja",0,"w"
"Finja",0,"w"
"Fiona",0,"w"
"Franka",0,"w"
"Freda",0,"w"
"Freya",0,"w"
"Friederike",0,"w"
"Fritzi",0,"w"
"Gesa",0,"w"
"Ghalia",0,"w"
"Hanin",0,"w"
"Hanneli",0,"w"
"Hanni",0,"w"
"Harisa",0,"w"
"Hedda",0,"w"
"Helen",0,"w"
"Helena",0,"w"
"Helene",0,"w"
"Henriette",0,"w"
"Henrike",0,"w"
"Heta",0,"w"
"Hilda",0,"w"
"Holly",0,"w"
"Ída",0,"w"
"Iris",0,"w"
"Isabel",0,"w"
"Jasmin",0,"w"
"Jemima",0,"w"
"Jette",0,"w"
"Jolanda",0,"w"
"Jördis",0,"w"
"Josefa",0,"w"
"Josephine",0,"w"
"Julie",0,"w"
"Julika",0,"w"
"Juno",0,"w"
"Katharina",0,"w"
"Katja",0,"w"
"Kira",0,"w"
"Kristina",0,"w"
"Lana",0,"w"
"Larah",0,"w"
"Larissa",0,"w"
"Layan",0,"w"
"Layla",0,"w"
"Léa",0,"w"
"Leandra",0,"w"
"Lene",0,"w"
"Leni",0,"w"
"Leonora",0,"w"
"Liane",0,"w"
"Lieselotte",0,"w"
"Lila",0,"w"
"Linda",0,"w"
"Linnea",0,"w"
"Lisbeth",0,"w"
"Lise",0,"w"
"Lola",0,"w"
"Lolita",0,"w"
"Lore",0,"w"
"Lotte",0,"w"
"Lou",0,"w"
"Louisa",0,"w"
"Louise",0,"w"
"Lucie",0,"w"
"Luisa",0,"w"
"Maddy",0,"w"
"Magdalena",0,"w"
"Magdalene",0,"w"
"Maia",0,"w"
"Maike",0,"w"
"Maila",0,"w"
"Maja",0,"w"
"Malin",0,"w"
"Malou",0,"w"
"Mara",0,"w"
"Maren",0,"w"
"Margareta",0,"w"
"Margarete",0,"w"
"Marla",0,"w"
"Mathilde",0,"w"
"Matilda",0,"w"
"Mayla",0,"w"
"Maylea",0,"w"
"Medina",0,"w"
"Melanie",0,"w"
"Melina",0,"w"
"Melody",0,"w"
"Mila",0,"w"
"Milica",0,"w"
"Mina",0,"w"
"Minna",0,"w"
"Mira",0,"w"
"Miriam",0,"w"
"Nadja",0,"w"
"Nadjeschda",0,"w"
"Natalie",0,"w"
"Néle",0,"w"
"Nicole",0,"w"
"Nina",0,"w"
"Noemi",0,"w"
"Nuria",0,"w"
"Olivia",0,"w"
"Oludarasimi",0,"w"
"Ophelia",0,"w"
"Paulina",0,"w"
"Philine",0,"w"
"Pina",0,"w"
"Rahel",0,"w"
"Rebecca",0,"w"
"Rita",0,"w"
"Ronja",0,"w"
"Rosa",0,"w"
"Rosalie",0,"w"
"Rosemarie",0,"w"
"Rosi",0,"w"
"Ruby",0,"w"
"Rufuta",0,"w"
"Ruth",0,"w"
"Sally",0,"w"
"Samantha",0,"w"
"Saphira",0,"w"
"Sara",0,"w"
"Sarah",0,"w"
"Sascha",0,"w"
"Serafina",0,"w"
"Sesilia",0,"w"
"Sofia",0,"w"
"Stella",0,"w"
"Sumaya",0,"w"
"Sunny",0,"w"
"Tabea",0,"w"
"Tala",0,"w"
"Tâm",0,"w"
"Tara",0,"w"
"Teresa",0,"w"
"Teuta",0,"w"
"Thora",0,"w"
"Valentina",0,"w"
"Valeria",0,"w"
"Viola",0,"w"
"Wiebke",0,"w"
"Yasmin",0,"w"
"Yumo",0,"w"
"Zoe",0,"w"
"Zoé",0,"w"
"Zoey",0,"w"
