Vorname einzeln,Anzahl,Geschlecht
Jonathan,11,m
Emil,9,m
Paul,9,m
Theodor,9,m
Oskar,8,m
Noah,8,m
Anton,8,m
Karl,8,m
Maximilian,7,m
Jakob,7,m
Arthur,7,m
Benjamin,7,m
Moritz,6,m
Ben,6,m
Alexander,6,m
Malte,6,m
Vincent,6,m
Fritz,6,m
Leonard,5,m
Pepe,5,m
Max,5,m
Jonas,5,m
Justus,5,m
Matteo,5,m
Otto,5,m
Leon,5,m
Johann,4,m
Bjarne,4,m
Nils,4,m
Levi,4,m
Theo,4,m
Luca,4,m
Carl,4,m
Benedikt,4,m
Friedrich,4,m
Leo,4,m
Wilhelm,3,m
Sebastian,3,m
Lenny,3,m
Joshua,3,m
Aaron,3,m
Julian,3,m
David,3,m
Elias,3,m
Edgar,3,m
Adam,3,m
Arvid,3,m
Konstantin,3,m
Lukas,3,m
Ole,3,m
Enno,3,m
Erik,3,m
Georg,3,m
Adrian,3,m
Matheo,3,m
Leopold,3,m
Samuel,3,m
Liam,3,m
Nathanael,0,m
Joseph,0,m
Kilian,0,m
Fabian,0,m
Luke,0,m
Philipp,0,m
Elia,0,m
Richard,0,m
Janne,0,m
Lino,0,m
Arne,0,m
Louis,0,m
Marten,0,m
Simon,0,m
Arno,0,m
Ferdinand,0,m
Hanno,0,m
Bruno,0,m
Henry,0,m
Thore,0,m
Jonah,0,m
Tom,0,m
Kalle,0,m
Julius,0,m
Lew,0,m
Hannes,0,m
Marius,0,m
Yunus,0,m
Jaron,0,m
unbekannt,0,m
Carlo,0,m
Davit,0,m
Dominik,0,m
Alex,0,m
Lennox,0,m
Helmut,0,m
Nelio,0,m
Michel,0,m
Jaris,0,m
Mika,0,m
Mario,0,m
Milan,0,m
Sam,0,m
Milo,0,m
Jaarub,0,m
Mohammad,0,m
Josiah,0,m
Janosch,0,m
Lucius,0,m
Nathan,0,m
Matti,0,m
Nico,0,m
Raffael,0,m
Niklas,0,m
Gustaf,0,m
Alfred,0,m
Ibrahiem,0,m
Johan,0,m
Janis,0,m
Oliver,0,m
Lionel,0,m
Ali,0,m
Kosai,0,m
Johannes,0,m
Darius,0,m
John,0,m
Mael,0,m
Jon,0,m
Mats,0,m
Phil,0,m
Nam,0,m
Albert,0,m
Alan,0,m
Ruben,0,m
Revan,0,m
Rudi,0,m
Ghasan,0,m
Emilio,0,m
Hagen,0,m
Bastian,0,m
Henning,0,m
Erion,0,m
Ismail,0,m
Erwin,0,m
Jake,0,m
Junus,0,m
Jannek,0,m
Arik,0,m
Jarne,0,m
Till,0,m
Joschua,0,m
Tim,0,m
Karam,0,m
Timo,0,m
Lasse,0,m
Titus,0,m
Léo,0,m
Felix,0,m
Lounis,0,m
Valentin,0,m
Hugo,0,m
Carlos,0,m
Mahan,0,m
Finn,0,m
Markus,0,m
Willi,0,m
Ian,0,m
Yannik,0,m
Mihály,0,m
Aari,0,m
Mattis,0,m
Abdul,0,m
Nicklas,0,m
Abubakar,0,m
Phong,0,m
Alessio,0,m
Rasmus,0,m
Sascha,0,m
Rupert,0,m
Sobhan,0,m
Damian,0,m
Taim,0,m
Ghassan,0,m
Tillmann,0,m
Gyula,0,m
Vedh,0,m
Helge,0,m
Wesley,0,m
Hendrik,0,m
Woatan,0,m
Henrik,0,m
Kurt,0,m
Isaiah,0,m
Franz,0,m
Iyas,0,m
Armin,0,m
Jaden,0,m
Aron,0,m
Jamal,0,m
Béla,0,m
Linus,0,m
Benett,0,m
Jari,0,m
Benito,0,m
Jarkko,0,m
Berat,0,m
Jiaxuan,0,m
Bernard,0,m
Jonte,0,m
Biav,0,m
Daniel,0,m
Bilal,0,m
Henri,0,m
Bo,0,m
Knut,0,m
Brian,0,m
Lars,0,m
Can,0,m
Lenn,0,m
Carlson,0,m
Luis,0,m
Chuheng,0,m
Lev,0,m
Danial,0,m
Lian,0,m
Frederik,0,m
Lucas,0,m
Devin,0,m
Luka,0,m
Constantin,0,m
Lyth,0,m
Eddie,0,m
Maël,0,m
Eddy,0,m
Mahmud,0,m
Eden,0,m
Mark,0,m
Edison,0,m
Marlin,0,m
Edward,0,m
Matej,0,m
Gregor,0,m
Mathéo,0,m
Emilian,0,m
Maxim,0,m
Eneas,0,m
Miladmahan,0,m
Gustav,0,m
Narek,0,m
Fabius,0,m
Nedal,0,m
Feliks,0,m
Nick,0,m
Fille,0,m
Nik,0,m
Findus,0,m
Jannes,0,m
Flynn,0,m
Quentin,0,m
Francisco,0,m
Raphael,0,m
Freddy,0,m
Remo,0,m
Friedemann,0,m
Roman,0,m
Frieder,0,m
Ryan,0,m
Hamza,0,m
Merlin,0,m
Fynn,0,m
Taavi,0,m
Alwalid,0,m
Teo,0,m
Amaury,0,m
Tjarek,0,m
Ammar,0,m
Vilmos,0,m
André,0,m
Willem,0,m
Anno,0,m
Yigit,0,m
Antonio,0,m
Zayn,0,m
Anuuk,0,m
Jan,0,m
Ares,0,m
Emma,10,w
Johanna,9,w
Lina,8,w
Clara,8,w
Charlotte,8,w
Leonie,7,w
Elisabeth,7,w
Hanna,6,w
Lena,6,w
Greta,6,w
Ella,6,w
Mathilda,6,w
Lotta,6,w
Luise,6,w
Mila,6,w
Theresa,6,w
Alma,6,w
Anna,5,w
Lydia,5,w
Elena,5,w
Magdalena,5,w
Leni,5,w
Rosalie,5,w
Ida,5,w
Klara,5,w
Miriam,4,w
Frieda,4,w
Sarah,4,w
Sophia,4,w
Emily,4,w
Mara,4,w
Lea,4,w
Jasmin,4,w
Alina,4,w
Thea,4,w
Emilia,4,w
Nina,3,w
Sophie,3,w
Hannah,3,w
Maya,3,w
Elisa,3,w
Finja,3,w
Marie,3,w
Matilda,3,w
Amelie,3,w
Holly,3,w
Tilda,3,w
Mariella,3,w
Martha,3,w
Frida,3,w
Mia,3,w
Nele,3,w
Ellie,3,w
Melina,3,w
Pauline,3,w
Helena,3,w
Paulina,3,w
Henriette,3,w
Nila,3,w
Paula,3,w
Alexandra,3,w
Marlene,3,w
Mira,3,w
Anni,3,w
Sara,3,w
Luna,3,w
Anouk,3,w
Amalia,0,w
Isabella,0,w
Stella,0,w
Annie,0,w
Yasmin,0,w
Massa,0,w
Aurelia,0,w
Kate,0,w
Leonore,0,w
Leana,0,w
Juno,0,w
Carla,0,w
Alea,0,w
Hedi,0,w
Daria,0,w
Skadi,0,w
Selma,0,w
Livia,0,w
Isabell,0,w
Tessa,0,w
Luisa,0,w
Lisa,0,w
Ana,0,w
Fiona,0,w
Juna,0,w
Louisa,0,w
Katharina,0,w
Lotte,0,w
Maria,0,w
Ronja,0,w
Malia,0,w
Olivia,0,w
Laura,0,w
Elli,0,w
Liselotte,0,w
Maja,0,w
Carlotta,0,w
Eliana,0,w
Antonia,0,w
Marit,0,w
Edda,0,w
Kalkidan,0,w
Marina,0,w
Carlie,0,w
Milena,0,w
Jennyfer,0,w
Ellena,0,w
Lee,0,w
Penelope,0,w
Rahel,0,w
Michaela,0,w
Luzie,0,w
Allen,0,w
Victoria,0,w
Flora,0,w
Aniela,0,w
Anastasia,0,w
Lamar,0,w
Marlena,0,w
Gretel,0,w
Talia,0,w
Estelle,0,w
Madita,0,w
Kaya,0,w
Lua,0,w
Helma,0,w
Fabienne,0,w
Chloé,0,w
Margarethe,0,w
Fakhira,0,w
Awa,0,w
Liana,0,w
Margarete,0,w
Felicitas,0,w
Aurora,0,w
Leah,0,w
Walda,0,w
Hanka,0,w
Sofia,0,w
Tabea,0,w
Maia,0,w
Josephia,0,w
Yoyo,0,w
Ariane,0,w
Florina,0,w
Désirée,0,w
Enyana,0,w
Kim,0,w
Josephina,0,w
Annabella,0,w
Hilde,0,w
Badria,0,w
Qiyu,0,w
Janina,0,w
Thorvi,0,w
Oakley,0,w
Edina,0,w
Jonna,0,w
Magdalene,0,w
Katrin,0,w
Linh,0,w
Donata,0,w
Marlie,0,w
Valerie,0,w
Adriana,0,w
Taanvi,0,w
Hagar,0,w
Lia,0,w
Philina,0,w
Eve,0,w
Salda,0,w
Jara,0,w
Fernanda,0,w
Alice,0,w
Amelia,0,w
Lara,0,w
Sofie,0,w
Pippa,0,w
Malou,0,w
Ellinor,0,w
Ajana,0,w
Chiara,0,w
Josephine,0,w
Rahaf,0,w
Nedal,0,w
Rivanshi,0,w
Melody,0,w
Runa,0,w
Eloise,0,w
Ophelia,0,w
Alva,0,w
Hellena,0,w
Zoé,0,w
Vanessa,0,w
Marla,0,w
Raya,0,w
Annik,0,w
Ivy,0,w
Yva,0,w
Elenor,0,w
Lija Lou,0,w
Franka,0,w
Juli,0,w
Lana,0,w
Agnes,0,w
Valia,0,w
Gwendolin,0,w
Ada,0,w
Larissa,0,w
Rosiv,0,w
Annika,0,w
Leonora,0,w
Emmi,0,w
Ruby,0,w
Nathalie,0,w
Davina,0,w
Vivienne,0,w
Pia,0,w
Lene,0,w
Lenja,0,w
Jette,0,w
Heidi,0,w
Marh,0,w
Marua,0,w
Maike,0,w
Lisbeth,0,w
Avira,0,w
Yuland,0,w
Annabelle,0,w
Haily,0,w
Seetje,0,w
Annalena,0,w
Muriel,0,w
Tayenne,0,w
Ewa,0,w
Amma,0,w
Julina,0,w
Rose,0,w
Nora,0,w
Amara,0,w
unbekannt,0,w
Rieke,0,w
Maysaa,0,w
Eleonora,0,w
Meline,0,w
Natalia,0,w
Smilla,0,w
Jolin,0,w
Sinja,0,w
Hedda,0,w
Carina,0,w
Gyda,0,w
Wanda,0,w
Karlotta,0,w
Celina,0,w
Suha,0,w
Svearike,0,w
Yoo,0,w
Ava,0,w
Nelly,0,w
Lorelin,0,w
Catalina,0,w
Momo,0,w
Mary,0,w
Gwendolyn,0,w
Beatrice,0,w
Jana,0,w
Julica,0,w
Carmen,0,w
Phoebe,0,w
Edwina,0,w
Hailey,0,w
Friederike,0,w
Ylvalie,0,w
Fatima,0,w
Valentina,0,w
Merle,0,w
Tamara,0,w
Isabelle,0,w
Hoyam,0,w
Silia,0,w
Anabella,0,w
Samantha,0,w
Claire,0,w
Máxima,0,w
Mathea,0,w
Linda,0,w
Mona,0,w
Alia,0,w
Hella,0,w
Natalie,0,w
Lili,0,w
Berit,0,w
Emilie,0,w
Ariana,0,w
Elise,0,w
Rosier,0,w
Marta,0,w
Malina,0,w
Jola,0,w
Fee,0,w
Despoina,0,w
